{"backend/cmd/embed.go": [1761831503.866522, "9726c83291a297de8eea743c77117606"], "backend/cmd/main.go": [1761846400.9347413, "be3919ef92ccdfff30e99c866a948761"], "backend/internal/api/auth.go": [1763300936.482067, "80d2234078eacaf5d3377911fb7e3528"], "backend/internal/api/card.go": [1763300936.4830673, "780a1187bf4b095928550e49b91ae11f"], "backend/internal/api/cloudvar.go": [1763300936.485075, "27aa28507b146d2ebfade3a85afe87b6"], "backend/internal/api/crypto.go": [1761840351.507423, "07fefce8b7d933aaf6830bc71c624bd8"], "backend/internal/api/project.go": [1761992532.684213, "cb8b9d7a9cab8313f313b852ab2818da"], "backend/internal/api/routes.go": [1763300936.487072, "97d625bd9536bd12cb05b4b04f080e65"], "backend/internal/crypto/aes.go": [1761846400.9337387, "b52cd5e439302b887181bfd15aa2acc8"], "backend/internal/crypto/chacha20.go": [1762014562.885987, "df8c160d07e5cc028bbdc9f44fb71616"], "backend/internal/crypto/custom_base64.go": [1761846400.9347413, "3e689c1a3d600d6a75d27eaf0d1fdf43"], "backend/internal/crypto/encryptor.go": [1761838468.34958, "0e055bb68be5c0a08e1d53fe65028fbf"], "backend/internal/crypto/factory.go": [1761840351.507423, "e0957818ff16b85f7ef09f37d3e905af"], "backend/internal/crypto/init.go": [1761846500.3473146, "919101e6ab4101707ba26256f9035be6"], "backend/internal/crypto/meta.go": [1761846278.9864554, "20b9fe5a364dd75081cbb38e3c1374a1"], "backend/internal/crypto/rc4.go": [1761846400.9347413, "a66afc5b7d4c0980b60db66813238026"], "backend/internal/crypto/registry.go": [1761840351.507423, "65cfb3b5731beec824a78d9f319e538e"], "backend/internal/crypto/xor.go": [1761846400.9347413, "f61d06c086bbcca9b756988d45fdf855"], "backend/internal/database/db.go": [1763300936.488067, "7caa2f26934261e1c66c9a80ebe54e7d"], "backend/internal/middleware/auth.go": [1763300936.488067, "11a34c611c5cb50bc575a5e67cd6bc95"], "backend/internal/middleware/cors.go": [1761826596.937726, "91020a437b937daed75d7cecdf0e64cb"], "backend/internal/middleware/decrypt.go": [1761847384.045148, "fca58eea1c3a8697543876d9fada29fe"], "backend/internal/middleware/ratelimit.go": [1761765163.1570885, "de10e125d99e9f6a6c687a292236e0d0"], "backend/internal/models/admin.go": [1763300936.4890668, "960c974a57dad9a439b600330eb889f3"], "backend/internal/models/card.go": [1762073209.6707795, "a296dbcc5884849bb9b7124974606687"], "backend/internal/models/cloudvar.go": [1761643718.1388206, "bf0854a3682b7542b5e7853da78f57f7"], "backend/internal/models/nonce.go": [1761643718.1393507, "8d53671f233099de06a71e665e497d3d"], "backend/internal/models/project.go": [1761839363.4720018, "7f5856beed0119154122eee121223d2b"], "backend/internal/models/token.go": [1761654497.9789257, "24c5bbd38416f4aa43e8c1dce39f2d55"], "backend/internal/models/unbind_record.go": [1761815843.5671697, "8bf0494d4b7b0f249fbdf11fa79ac6d9"], "backend/internal/service/auth.go": [1763300936.4900756, "10c6c761666338b1f6dd76d8a35994a2"], "backend/internal/service/card.go": [1761992532.6565416, "29199285a28b449e229a55294d1556b4"], "backend/internal/service/cloudvar.go": [1761949876.504167, "ce2ad2da8959bbcf09f722777d608b2e"], "backend/internal/service/project.go": [1761992486.0595517, "240004b30d19f4e7591f615dc37bbe62"], "backend/pkg/config/config.go": [1761838468.3535907, "5bfb62c322645ae591a636e30bb6dbf3"], "backend/pkg/utils/random.go": [1761916875.177014, "39bd080129d1d6aafc94bc2d986814dd"], "backend/pkg/utils/response.go": [1763300936.492074, "65c471c7caa8ff5331840bd74cb9b793"], "demo/cpp-client/examples/example.cpp": [1762015031.7697136, "ee0a39524c8b339872871057a81bde88"], "demo/cpp-client/include/NextKeyClient.hpp": [1762015023.83447, "594202c0fea5e0063660726612d36a6d"], "demo/cpp-client/include/nextkey_sdk.h": [1762015183.444951, "1c01cc500591199bacac42cfcba3dcba"], "demo/cpp-client/src/NextKeyClient.cpp": [1761848631.7504523, "5ca15881228f0194bef434ed25faa2b6"], "demo/rust-sdk/build.rs": [1761743689.0, "aae15bf98083504d551e5fcb79fcbad9"], "demo/rust-sdk/src/client.rs": [1762535187.4644127, "b0217ddcb94c1a4da69b8e0a8cfa6606"], "demo/rust-sdk/src/crypto.rs": [1762015155.9703186, "68337fa3998332a3e9a10642807c0dae"], "demo/rust-sdk/src/ffi.rs": [1762535734.53725, "9265494dd06090ec7bada29082bc4005"], "demo/rust-sdk/src/lib.rs": [1761666615.0, "78f58bb24c0e9f8548a98e619d8c9841"], "demo/rust-sdk/src/bin/main.rs": [1761666619.0, "b055ad50856b43e6cb5b36726e21a6e0"], "demo/tools/gui-test-client.py": [1762072253.0004418, "ca24c53374dab0132ad7caad4468bd70"], "frontend/index.html": [1761942162.567008, "9313108fc1d1c5e380f2aee52fda30ea"], "frontend/vite.config.js": [1761827681.5430126, "ef6458b0c3574ef697cc095c9c5c7455"], "frontend/src/App.vue": [1761942162.567008, "9cefeb18ede677744a5c5fff777fa7b6"], "frontend/src/main.js": [1761990862.0480433, "cf43cf1f5359afc3a48d013ac40a884a"], "frontend/src/api/auth.js": [1763300936.4950793, "0e7e579c40a383f60768b18bef44f178"], "frontend/src/api/card.js": [1761990753.0974844, "c446544a018702a87cfd061f0d5255e2"], "frontend/src/api/cloudvar.js": [1761645650.0460596, "bef22bbc977d0dbddcb64f80093b755d"], "frontend/src/api/crypto.js": [1761846714.7207625, "cdef4264288f1ed033736cfd3295e7e5"], "frontend/src/api/project.js": [1761949876.500106, "9be9e477cb02ad2daa8d70b5a8d97893"], "frontend/src/api/request.js": [1763300936.497087, "e1a1735735440e95c51457f36cdb5b8f"], "frontend/src/components/cards/CardBatchUpdateDialog.vue": [1761990753.0984838, "b2e970a6080bd0656ed9234b45d69ad2"], "frontend/src/components/cards/CardCreatedDialog.vue": [1761945177.3010707, "aac2204e8ecfc1f93e27dff51290074d"], "frontend/src/components/cards/CardCreateDialog.vue": [1761990753.1005013, "815bc268d41dc03eb2fd0552a1fc717b"], "frontend/src/components/cards/CardDetailDialog.vue": [1761990753.1024935, "6244162279a934363dd335701b00283f"], "frontend/src/components/cards/CardEditDialog.vue": [1761990753.1043665, "1d2b2cf5dd5399edbfa4f3143369a599"], "frontend/src/components/cards/CardListMobile.vue": [1761993046.3856893, "25ebe109aa1075980edada3f616c5375"], "frontend/src/components/cards/CardSearchBar.vue": [1761992486.0375335, "f65133029449417a0d11c26d5c4848f3"], "frontend/src/components/cards/CardTable.vue": [1761993046.3856893, "c3e12488c34c0debf13a2c7286cb66d9"], "frontend/src/components/cloudvars/CloudVarBatchImportDialog.vue": [1761942037.9551425, "f37e1a222998876a284234d74eff6def"], "frontend/src/components/cloudvars/CloudVarCardList.vue": [1761949876.503079, "790928a4e0df8293ec237c043f03c7a4"], "frontend/src/components/cloudvars/CloudVarFormDialog.vue": [1761659790.3320417, "f02544b9a02d4ce3490686d932d9d9da"], "frontend/src/components/cloudvars/CloudVarTable.vue": [1761949882.6429946, "c80a8cf8709bbf4181bae9b45e4daba1"], "frontend/src/components/common/ActionButtons.vue": [1761647415.7906384, "516454fadb3a855d21d49983c57a0994"], "frontend/src/components/common/CopyableText.vue": [1761838468.34958, "2baba6c7456fa688795e3ca4f0ab1e8f"], "frontend/src/components/projects/ProjectBatchCreateDialog.vue": [1761647415.7916472, "53344b9133827d0838575ce7b960cd09"], "frontend/src/components/projects/ProjectCardList.vue": [1761949876.5015914, "2c2a11dd84c7728de5207f2a0d57092f"], "frontend/src/components/projects/ProjectFormDialog.vue": [1761942037.954139, "7bf57c91bd08392d651d933c5e7894f5"], "frontend/src/components/projects/ProjectStatsGrid.vue": [1761942037.954139, "10cfd613e882f7a3c037118f350773b3"], "frontend/src/components/projects/ProjectTable.vue": [1761992596.3342805, "434c5366db4fbb2c8d511c097d86ede9"], "frontend/src/composables/useDialog.js": [1761647415.787559, "3cfb8654c8ce1a2c704b2a9e7b4ec4a2"], "frontend/src/composables/useDuration.js": [1761851083.8226478, "1c5dca706b368555dbad152056c48933"], "frontend/src/composables/useDurationEditor.js": [1761851828.3537576, "bd3cddcfd6cd8c89939d0c8562e9ac79"], "frontend/src/composables/usePagination.js": [1761647415.7896116, "f18c70645b4e7b671ebc843591853ba5"], "frontend/src/composables/useResponsive.js": [1761658920.7611408, "3bdf1e43075442fcdd023998ee499375"],